,Abbreviation,slope,slope_pval_onetail,rho,rho_pval_onetail
0,SR,-4.4,0.0126,-0.71,0.0016
1,PI,-4.1,0.0199,-0.23,0.3268
2,MC,-6.5,0.0003,-0.68,0.0033
3,NPSG,-1.1,0.46340000000000003,-0.22,0.3421
4,KR,-6.9,0.0,-0.73,0.001
5,ET,-4.9,0.0054,-0.8,0.0001
6,SWT,-7.3,0.0,-0.85,0.0
7,LHR,-5.6,0.0017000000000000001,-0.8,0.0001
8,BS,-3.8,0.031200000000000002,-0.52,0.0358
9,SBB,-2.6,0.1419,-0.44,0.08130000000000001
